model_name,model_type,n_cases,MAE_100_mean,Detail_100_mean,SSIM_mean,SSIM_100,PSNR_dB_mean,PSNR_100,LPIPS_mean
OpenVAE-2D-4x-100K,2d,12,98.7715,94.3550,0.883461,88.3461,34.243249,68.4865,0.075238
OpenVAE-2D-4x-10K,2d,12,98.8363,94.7636,0.886724,88.6724,34.906994,69.8140,0.081595
OpenVAE-2D-4x-10K-pro,2d,12,98.7950,94.6791,0.887982,88.7982,34.505245,69.0105,0.078095
OpenVAE-2D-4x-20K,2d,12,98.8253,94.2400,0.879768,87.9768,34.631602,69.2632,0.078220
OpenVAE-2D-4x-2K,2d,12,98.8787,94.6110,0.893230,89.3230,34.870580,69.7412,0.086775
OpenVAE-2D-4x-300K,2d,12,98.8450,93.0833,0.887355,88.7355,33.836265,67.6725,0.085235
OpenVAE-2D-4x-PCCT_enhanced,2d,12,98.8376,93.3212,0.881347,88.1347,34.002547,68.0051,0.075586
OpenVAE-3D-4x-patch64-10K,3d,12,96.6210,83.6834,0.809906,80.9906,25.992895,51.9858,0.156481
